<?xml version="1.0" encoding="UTF-8"?>
<objects serializationModel="Studio.01.10.00">
    <object class="AudioFile" id="{05325063-7731-41d3-abbe-dde3cef03da0}">
        <property name="assetPath">
            <value>Ellen/Death/Ellen_Emotes_Death_01.ogg</value>
        </property>
        <property name="frequencyInKHz">
            <value>44.0999985</value>
        </property>
        <property name="channelCount">
            <value>2</value>
        </property>
        <property name="length">
            <value>1.0145578231292518</value>
        </property>
        <relationship name="masterAssetFolder">
            <destination>{aca052dd-49c0-4da8-a212-0f809afd3ba2}</destination>
        </relationship>
    </object>
</objects>
