<?xml version="1.0" encoding="UTF-8"?>
<objects serializationModel="Studio.01.10.00">
    <object class="AudioFile" id="{08eccd23-d16f-4a79-a276-d1ee02b3db2b}">
        <property name="assetPath">
            <value>Ellen/Locomotion/Landing/Grass/Ellen_Footsteps_Grass_Land_Walk_Forward_Landing_01.ogg</value>
        </property>
        <property name="frequencyInKHz">
            <value>44.0999985</value>
        </property>
        <property name="channelCount">
            <value>2</value>
        </property>
        <property name="length">
            <value>0.385124716553288</value>
        </property>
        <relationship name="masterAssetFolder">
            <destination>{aca052dd-49c0-4da8-a212-0f809afd3ba2}</destination>
        </relationship>
    </object>
</objects>
