<?xml version="1.0" encoding="UTF-8"?>
<objects serializationModel="Studio.01.10.00">
    <object class="AudioFile" id="{1fa8996a-6836-48f9-89d9-e2b20af3630e}">
        <property name="assetPath">
            <value>Interactables/DestructibleBoxes/Destructible_Boxes_04.ogg</value>
        </property>
        <property name="frequencyInKHz">
            <value>44.0999985</value>
        </property>
        <property name="channelCount">
            <value>2</value>
        </property>
        <property name="length">
            <value>3.2266666666666666</value>
        </property>
        <relationship name="masterAssetFolder">
            <destination>{aca052dd-49c0-4da8-a212-0f809afd3ba2}</destination>
        </relationship>
    </object>
</objects>
