<?xml version="1.0" encoding="UTF-8"?>
<objects serializationModel="Studio.01.10.00">
    <object class="AudioFile" id="{2628d0a7-a535-41eb-94da-1656f5df7988}">
        <property name="assetPath">
            <value>Ellen/Locomotion/Landing/Stone/Ellen_Footsteps_Stone_Land_Run_Forward_Landing_Fast_01.ogg</value>
        </property>
        <property name="frequencyInKHz">
            <value>44.0999985</value>
        </property>
        <property name="channelCount">
            <value>2</value>
        </property>
        <property name="length">
            <value>0.92802721088435369</value>
        </property>
        <relationship name="masterAssetFolder">
            <destination>{aca052dd-49c0-4da8-a212-0f809afd3ba2}</destination>
        </relationship>
    </object>
</objects>
