<?xml version="1.0" encoding="UTF-8"?>
<objects serializationModel="Studio.01.10.00">
    <object class="AudioFile" id="{2a750b64-022b-4529-9a4c-fba2bae14f9c}">
        <property name="assetPath">
            <value>Environment/Foliage/Environmental_Extras_Foliage_Big_Loop_03.ogg</value>
        </property>
        <property name="isStreaming">
            <value>true</value>
        </property>
        <property name="frequencyInKHz">
            <value>44.0999985</value>
        </property>
        <property name="channelCount">
            <value>2</value>
        </property>
        <property name="length">
            <value>10.005351473922902</value>
        </property>
        <relationship name="masterAssetFolder">
            <destination>{aca052dd-49c0-4da8-a212-0f809afd3ba2}</destination>
        </relationship>
    </object>
</objects>
