<?xml version="1.0" encoding="UTF-8"?>
<objects serializationModel="Studio.01.10.00">
    <object class="AudioFile" id="{3c4ad132-bf00-472d-9160-6f59b6dd9e24}">
        <property name="assetPath">
            <value>Ellen/Locomotion/Landing/Grass/Ellen_Footsteps_Grass_Land_Run_Forward_Landing_Fast_01.ogg</value>
        </property>
        <property name="frequencyInKHz">
            <value>44.0999985</value>
        </property>
        <property name="channelCount">
            <value>2</value>
        </property>
        <property name="length">
            <value>1.0245351473922903</value>
        </property>
        <relationship name="masterAssetFolder">
            <destination>{aca052dd-49c0-4da8-a212-0f809afd3ba2}</destination>
        </relationship>
    </object>
</objects>
