<?xml version="1.0" encoding="UTF-8"?>
<objects serializationModel="Studio.01.10.00">
    <object class="AudioFile" id="{3dbe58f6-fb96-48d0-abbc-be5778ffbc9e}">
        <property name="assetPath">
            <value>Enemies/Grenadier/Attacks/Ranged/Grenade_Golem_Range_Attack_2_Bounce_09.ogg</value>
        </property>
        <property name="frequencyInKHz">
            <value>44.0999985</value>
        </property>
        <property name="channelCount">
            <value>2</value>
        </property>
        <property name="length">
            <value>1.0152834467120182</value>
        </property>
        <relationship name="masterAssetFolder">
            <destination>{aca052dd-49c0-4da8-a212-0f809afd3ba2}</destination>
        </relationship>
    </object>
</objects>
