<?xml version="1.0" encoding="UTF-8"?>
<objects serializationModel="Studio.01.10.00">
    <object class="AudioFile" id="{3ebe9d2f-ee8d-4a31-830b-afff8d33e467}">
        <property name="assetPath">
            <value>Enemies/Grenadier/Death/Grenade_Golem_Death_02.ogg</value>
        </property>
        <property name="frequencyInKHz">
            <value>44.0999985</value>
        </property>
        <property name="channelCount">
            <value>2</value>
        </property>
        <property name="length">
            <value>7.2374376417233561</value>
        </property>
        <relationship name="masterAssetFolder">
            <destination>{aca052dd-49c0-4da8-a212-0f809afd3ba2}</destination>
        </relationship>
    </object>
</objects>
