<?xml version="1.0" encoding="UTF-8"?>
<objects serializationModel="Studio.01.10.00">
    <object class="AudioFile" id="{48b1ed8a-83c5-4e46-a90c-3a0aa4201822}">
        <property name="assetPath">
            <value>Enemies/Grenadier/Attacks/Ranged/Grenade_Golem_Range_Attack_2_Bounce_04.ogg</value>
        </property>
        <property name="frequencyInKHz">
            <value>44.0999985</value>
        </property>
        <property name="channelCount">
            <value>2</value>
        </property>
        <property name="length">
            <value>0.82362811791383217</value>
        </property>
        <relationship name="masterAssetFolder">
            <destination>{aca052dd-49c0-4da8-a212-0f809afd3ba2}</destination>
        </relationship>
    </object>
</objects>
