<?xml version="1.0" encoding="UTF-8"?>
<objects serializationModel="Studio.01.10.00">
    <object class="AudioFile" id="{4d00ac8b-ecd6-476f-844f-8687e831de01}">
        <property name="assetPath">
            <value>Ellen/Locomotion/Landing/Puddle/Ellen_Footsteps_Puddle_Land_Walk_Forward_Landing_01.ogg</value>
        </property>
        <property name="frequencyInKHz">
            <value>44.0999985</value>
        </property>
        <property name="channelCount">
            <value>2</value>
        </property>
        <property name="length">
            <value>0.86691609977324258</value>
        </property>
        <relationship name="masterAssetFolder">
            <destination>{aca052dd-49c0-4da8-a212-0f809afd3ba2}</destination>
        </relationship>
    </object>
</objects>
