<?xml version="1.0" encoding="UTF-8"?>
<objects serializationModel="Studio.01.10.00">
    <object class="AudioFile" id="{74ff216f-8940-46ac-9104-a1ef5047f8a1}">
        <property name="assetPath">
            <value>Enemies/Grenadier/Attacks/Speech/Grenade_Golem_Vox_Attack_02.ogg</value>
        </property>
        <property name="frequencyInKHz">
            <value>44.0999985</value>
        </property>
        <property name="channelCount">
            <value>2</value>
        </property>
        <property name="length">
            <value>2.5480045351473923</value>
        </property>
        <relationship name="masterAssetFolder">
            <destination>{aca052dd-49c0-4da8-a212-0f809afd3ba2}</destination>
        </relationship>
    </object>
</objects>
