<?xml version="1.0" encoding="UTF-8"?>
<objects serializationModel="Studio.01.10.00">
    <object class="AudioFile" id="{9cf29a85-c6e8-41d7-b775-4648a2d84b71}">
        <property name="assetPath">
            <value>Ellen/Locomotion/Walk/Grass/Ellen_Footsteps_Grass_Walk_08.ogg</value>
        </property>
        <property name="frequencyInKHz">
            <value>48</value>
        </property>
        <property name="channelCount">
            <value>2</value>
        </property>
        <property name="length">
            <value>0.65833333333333333</value>
        </property>
        <relationship name="masterAssetFolder">
            <destination>{aca052dd-49c0-4da8-a212-0f809afd3ba2}</destination>
        </relationship>
    </object>
</objects>
